/,http://blog.dianakimball.com,301
/robots.txt,http://blog.dianakimball.com/robots.txt,302
/sitemap.xml,http://blog.dianakimball.com/sitemap1.xml,302
/sitemap1.xml,http://blog.dianakimball.com/sitemap1.xml,302
/sitemap2.xml,http://blog.dianakimball.com/sitemap2.xml,302
/mentoring,http://blog.dianakimball.com/mentoring
/2011/03/roflcon-origins.html,http://dianakimball.blogspot.com/2011/03/roflcon-origins.html,301
/2010/12/one-after-another.html,http://dianakimball.blogspot.com/2010/12/one-after-another.html,301
/2010/12/global-ambitions-atlantas-1895-cotton.html,http://dianakimball.blogspot.com/2010/12/global-ambitions-atlantas-1895-cotton.html,301
/2010/08/white-noise.html,http://dianakimball.blogspot.com/2010/08/white-noise.html,301
/2010/05/in-between.html,http://dianakimball.blogspot.com/2010/05/in-between.html,301
/2009/12/open-system.html,http://dianakimball.blogspot.com/2009/12/open-system.html,301
/2009/12/capacity-for-love.html,http://dianakimball.blogspot.com/2009/12/capacity-for-love.html,301
/2009/10/last-words.html,http://dianakimball.blogspot.com/2009/10/last-words.html,301
/2009/09/every-word.html,http://dianakimball.blogspot.com/2009/09/every-word.html,301
/2009/09/kickstarter-and-imminence.html,http://dianakimball.blogspot.com/2009/09/kickstarter-and-imminence.html,301
/2009/08/all-at-once.html,http://dianakimball.blogspot.com/2009/08/all-at-once.html,301
/2009/07/meanwhile-everything-else.html,http://dianakimball.blogspot.com/2009/07/meanwhile-everything-else.html,301
/2009/05/paper-houses-vanity-doubt-and-perils-of.html,http://dianakimball.blogspot.com/2009/05/paper-houses-vanity-doubt-and-perils-of.html,301
/2009/05/tim-diana-show-or-endings.html,http://dianakimball.blogspot.com/2009/05/tim-diana-show-or-endings.html,301
/2009/04/world-of-writing.html,http://dianakimball.blogspot.com/2009/04/world-of-writing.html,301
/2009/03/intimacy-of-imposition.html,http://dianakimball.blogspot.com/2009/03/intimacy-of-imposition.html,301
/2009/02/what-you-wonder.html,http://dianakimball.blogspot.com/2009/02/what-you-wonder.html,301
/2009/01/exposition.html,http://dianakimball.blogspot.com/2009/01/exposition.html,301
/2008/12/nightmares-exorcised-in-dreamland.html,http://dianakimball.blogspot.com/2008/12/nightmares-exorcised-in-dreamland.html,301
/2008/12/virginia.html,http://dianakimball.blogspot.com/2008/12/virginia.html,301
/2008/12/calm-collision.html,http://dianakimball.blogspot.com/2008/12/calm-collision.html,301
/2008/11/letters-from-artists.html,http://dianakimball.blogspot.com/2008/11/letters-from-artists.html,301
/2008/09/harvard-business-school-22-accepted.html,http://dianakimball.blogspot.com/2008/09/harvard-business-school-22-accepted.html,301
/2008/09/trying.html,http://dianakimball.blogspot.com/2008/09/trying.html,301
/2008/09/dream-homes.html,http://dianakimball.blogspot.com/2008/09/dream-homes.html,301
/2008/08/this-happened.html,http://dianakimball.blogspot.com/2008/08/this-happened.html,301
/2008/08/blog-post.html,http://dianakimball.blogspot.com/2008/08/blog-post.html,301
/2008/08/tall-letters-naked-words.html,http://dianakimball.blogspot.com/2008/08/tall-letters-naked-words.html,301
/2008/07/in-absence-of-fiction.html,http://dianakimball.blogspot.com/2008/07/in-absence-of-fiction.html,301
/2008/07/algorithms-and-avatars-or-what-ive.html,http://dianakimball.blogspot.com/2008/07/algorithms-and-avatars-or-what-ive.html,301
/2008/07/sms-and-magic-numbers.html,http://dianakimball.blogspot.com/2008/07/sms-and-magic-numbers.html,301
/2008/06/amusement-park-windmill-week-1-of-two.html,http://dianakimball.blogspot.com/2008/06/amusement-park-windmill-week-1-of-two.html,301
/2008/06/locker-12-hbs-22-and-gmat.html,http://dianakimball.blogspot.com/2008/06/locker-12-hbs-22-and-gmat.html,301
/2008/06/she-is-very-famous-for-her-donkey-tree.html,http://dianakimball.blogspot.com/2008/06/she-is-very-famous-for-her-donkey-tree.html,301
/2008/06/lemonade-kool-aid-introducing-two-bits.html,http://dianakimball.blogspot.com/2008/06/lemonade-kool-aid-introducing-two-bits.html,301
/2008/06/internet-vs-world-of-tomorrow.html,http://dianakimball.blogspot.com/2008/06/internet-vs-world-of-tomorrow.html,301
/2008/05/viewmasters-deluxe.html,http://dianakimball.blogspot.com/2008/05/viewmasters-deluxe.html,301
/2008/05/rip-old-headshot.html,http://dianakimball.blogspot.com/2008/05/rip-old-headshot.html,301
/2008/05/magic-more-useful-than-home-economics.html,http://dianakimball.blogspot.com/2008/05/magic-more-useful-than-home-economics.html,301
/2008/05/instructions-for-everyday-life.html,http://dianakimball.blogspot.com/2008/05/instructions-for-everyday-life.html,301
/2008/05/roflcon-at-last.html,http://dianakimball.blogspot.com/2008/05/roflcon-at-last.html,301
/2008/05/this-week-on-tim-diana-show.html,http://dianakimball.blogspot.com/2008/05/this-week-on-tim-diana-show.html,301
/2008/04/dangerous-habit-now-in-kodachrome.html,http://dianakimball.blogspot.com/2008/04/dangerous-habit-now-in-kodachrome.html,301
/2008/05/two-weeks-of-twitter.html,http://dianakimball.blogspot.com/2008/05/two-weeks-of-twitter.html,301
/2008/04/roflcon-unknown-quantities.html,http://dianakimball.blogspot.com/2008/04/roflcon-unknown-quantities.html,301
/2008/04/roflcon-in-beginning.html,http://dianakimball.blogspot.com/2008/04/roflcon-in-beginning.html,301
/2008/04/roflcon-its-on.html,http://dianakimball.blogspot.com/2008/04/roflcon-its-on.html,301
/2008/04/in-real-life.html,http://dianakimball.blogspot.com/2008/04/in-real-life.html,301
/2008/03/watch-out-for-fallout.html,http://dianakimball.blogspot.com/2008/03/watch-out-for-fallout.html,301
/2008/03/temptation-of-tumblr.html,http://dianakimball.blogspot.com/2008/03/temptation-of-tumblr.html,301
/2008/03/cafs-or-silent-face-off.html,http://dianakimball.blogspot.com/2008/03/cafs-or-silent-face-off.html,301
/2008/02/window-shopping-20.html,http://dianakimball.blogspot.com/2008/02/window-shopping-20.html,301
/2008/02/photo-bicycle-in-pink.html,http://dianakimball.blogspot.com/2008/02/photo-bicycle-in-pink.html,301
/2008/02/video-ghost-of-mario-or-how-i-learned.html,http://dianakimball.blogspot.com/2008/02/video-ghost-of-mario-or-how-i-learned.html,301
/2008/02/its-easy-to-love-apple.html,http://dianakimball.blogspot.com/2008/02/its-easy-to-love-apple.html,301
/2008/02/photo-baseball-shirt-brother-closet.html,http://dianakimball.blogspot.com/2008/02/photo-baseball-shirt-brother-closet.html,301
/2008/02/making-mischief.html,http://dianakimball.blogspot.com/2008/02/making-mischief.html,301
/2008/02/brother-grimm.html,http://dianakimball.blogspot.com/2008/02/brother-grimm.html,301
/2008/02/practical-magic-and-american-cult-of.html,http://dianakimball.blogspot.com/2008/02/practical-magic-and-american-cult-of.html,301
/2008/02/photo-like-view-from-airplane-in-spring.html,http://dianakimball.blogspot.com/2008/02/photo-like-view-from-airplane-in-spring.html,301
/2008/02/seman-tics.html,http://dianakimball.blogspot.com/2008/02/seman-tics.html,301
/2008/02/motorcycles-and-faces.html,http://dianakimball.blogspot.com/2008/02/motorcycles-and-faces.html,301
/2008/01/lastfm-imeem.html,http://dianakimball.blogspot.com/2008/01/lastfm-imeem.html,301
/2008/01/extra-shiny-friday-night-lights-or.html,http://dianakimball.blogspot.com/2008/01/extra-shiny-friday-night-lights-or.html,301
/2008/01/boots-made-for-sloshing.html,http://dianakimball.blogspot.com/2008/01/boots-made-for-sloshing.html,301
/2008/01/photo-view-from-her-room_05.html,http://dianakimball.blogspot.com/2008/01/photo-view-from-her-room_05.html,301
/2008/01/phototastic.html,http://dianakimball.blogspot.com/2008/01/phototastic.html,301
/2007/12/gipod-touch.html,http://dianakimball.blogspot.com/2007/12/gipod-touch.html,301
/2007/12/fire-hydrants-siren-song.html,http://dianakimball.blogspot.com/2007/12/fire-hydrants-siren-song.html,301
/2007/12/sound-unheard-2007-in-music.html,http://dianakimball.blogspot.com/2007/12/sound-unheard-2007-in-music.html,301
/2007/12/runet-and-plight-of-transnational.html,http://dianakimball.blogspot.com/2007/12/runet-and-plight-of-transnational.html,301
/2007/12/electro-smoking-robot-and-other-stories.html,http://dianakimball.blogspot.com/2007/12/electro-smoking-robot-and-other-stories.html,301
/2007/12/igloos-and-insects.html,http://dianakimball.blogspot.com/2007/12/igloos-and-insects.html,301
/2007/11/undercover.html,http://dianakimball.blogspot.com/2007/11/undercover.html,301
/2007/11/digital-reluctants.html,http://dianakimball.blogspot.com/2007/11/digital-reluctants.html,301
/2007/11/your-livestock-needs-protection-too.html,http://dianakimball.blogspot.com/2007/11/your-livestock-needs-protection-too.html,301
/2007/11/i-have-seen-future.html,http://dianakimball.blogspot.com/2007/11/i-have-seen-future.html,301
/2007/11/skitter-away.html,http://dianakimball.blogspot.com/2007/11/skitter-away.html,301
/2007/11/symbolic-order.html,http://dianakimball.blogspot.com/2007/11/symbolic-order.html,301
/2007/11/economics-of-procrastination.html,http://dianakimball.blogspot.com/2007/11/economics-of-procrastination.html,301
/2007/11/4.html,http://dianakimball.blogspot.com/2007/11/4.html,301
/2007/11/21st-century-shopping.html,http://dianakimball.blogspot.com/2007/11/21st-century-shopping.html,301
/2007/11/keeping-secrets.html,http://dianakimball.blogspot.com/2007/11/keeping-secrets.html,301
/2007/11/scratch-paper-and-scotch-tape.html,http://dianakimball.blogspot.com/2007/11/scratch-paper-and-scotch-tape.html,301
/2007/11/mesmirizomatic.html,http://dianakimball.blogspot.com/2007/11/mesmirizomatic.html,301
/2007/11/kindling.html,http://dianakimball.blogspot.com/2007/11/kindling.html,301
/2007/11/futures-of-entertainment.html,http://dianakimball.blogspot.com/2007/11/futures-of-entertainment.html,301
/2007/11/rofl.html,http://dianakimball.blogspot.com/2007/11/rofl.html,301
/2007/11/harvard-business-school-22-getting-in.html,http://dianakimball.blogspot.com/2007/11/harvard-business-school-22-getting-in.html,301
/2007/11/magicians-from-long-ago.html,http://dianakimball.blogspot.com/2007/11/magicians-from-long-ago.html,301
/2007/11/text-me.html,http://dianakimball.blogspot.com/2007/11/text-me.html,301
/2007/11/httpwwwbloggercomimggllinkgif.html,http://dianakimball.blogspot.com/2007/11/httpwwwbloggercomimggllinkgif.html,301
/2007/11/like-open-book.html,http://dianakimball.blogspot.com/2007/11/like-open-book.html,301
/2007/11/walt-mossberg-on-history.html,http://dianakimball.blogspot.com/2007/11/walt-mossberg-on-history.html,301
/2007/11/postsecret-meets-getting-things-done.html,http://dianakimball.blogspot.com/2007/11/postsecret-meets-getting-things-done.html,301
/2007/11/5-things-i-love-about-my-ipod-shuffle.html,http://dianakimball.blogspot.com/2007/11/5-things-i-love-about-my-ipod-shuffle.html,301
/2007/11/ultimately-in-rainbows.html,http://dianakimball.blogspot.com/2007/11/ultimately-in-rainbows.html,301
/2007/11/facebook-owns-my-soul.html,http://dianakimball.blogspot.com/2007/11/facebook-owns-my-soul.html,301
/2007/11/hypnosis-through-stationery.html,http://dianakimball.blogspot.com/2007/11/hypnosis-through-stationery.html,301
/2007/11/ipod-touch-jailbreak-now-playing-at.html,http://dianakimball.blogspot.com/2007/11/ipod-touch-jailbreak-now-playing-at.html,301
/2007/11/leopardminuteurproductivity-magic.html,http://dianakimball.blogspot.com/2007/11/leopardminuteurproductivity-magic.html,301
/2007/11/harvard-business-school-22-analyzed.html,http://dianakimball.blogspot.com/2007/11/harvard-business-school-22-analyzed.html,301
/2007/11/futures-past.html,http://dianakimball.blogspot.com/2007/11/futures-past.html,301
/2007/10/race-against-time.html,http://dianakimball.blogspot.com/2007/10/race-against-time.html,301
/2007/10/pumpkins.html,http://dianakimball.blogspot.com/2007/10/pumpkins.html,301
/2007/10/whats-russian-for-payback.html,http://dianakimball.blogspot.com/2007/10/whats-russian-for-payback.html,301
/2007/10/paying-attention-new-old-business-model.html,http://dianakimball.blogspot.com/2007/10/paying-attention-new-old-business-model.html,301
/2007/10/rsum-revolution.html,http://dianakimball.blogspot.com/2007/10/rsum-revolution.html,301
/2007/09/this-way-to-providence.html,http://dianakimball.blogspot.com/2007/09/this-way-to-providence.html,301
/2007/09/metahipster-manifest.html,http://dianakimball.blogspot.com/2007/09/metahipster-manifest.html,301
/2007/09/xo-my-favorite-little-monster.html,http://dianakimball.blogspot.com/2007/09/xo-my-favorite-little-monster.html,301
/2007/09/long-layover-in-flat-world.html,http://dianakimball.blogspot.com/2007/09/long-layover-in-flat-world.html,301
/2007/09/microsoft-v-world-its-on.html,http://dianakimball.blogspot.com/2007/09/microsoft-v-world-its-on.html,301
/2007/09/short-personal-narrative-followed-by.html,http://dianakimball.blogspot.com/2007/09/short-personal-narrative-followed-by.html,301
/2007/09/laptops-covered-in-bumper-stickers.html,http://dianakimball.blogspot.com/2007/09/laptops-covered-in-bumper-stickers.html,301
/2007/09/liferemix-remixed.html,http://dianakimball.blogspot.com/2007/09/liferemix-remixed.html,301
/2007/09/photograph-lottery.html,http://dianakimball.blogspot.com/2007/09/photograph-lottery.html,301
/2007/09/schoolhouse-rocks.html,http://dianakimball.blogspot.com/2007/09/schoolhouse-rocks.html,301
/2007/09/photographs-from-long-ago.html,http://dianakimball.blogspot.com/2007/09/photographs-from-long-ago.html,301
/2007/08/livejournal-1907.html,http://dianakimball.blogspot.com/2007/08/livejournal-1907.html,301
/2007/08/gtd-remixed.html,http://dianakimball.blogspot.com/2007/08/gtd-remixed.html,301
/2007/08/your-very-own-common-seal-or-nypl.html,http://dianakimball.blogspot.com/2007/08/your-very-own-common-seal-or-nypl.html,301
/2007/08/questions-and-answers.html,http://dianakimball.blogspot.com/2007/08/questions-and-answers.html,301
/2007/08/college-high-school-or-6-ways-to-get.html,http://dianakimball.blogspot.com/2007/08/college-high-school-or-6-ways-to-get.html,301
/2007/08/that-enchanted-bookmobile-or-826-boston.html,http://dianakimball.blogspot.com/2007/08/that-enchanted-bookmobile-or-826-boston.html,301
/2007/08/google-me-generation.html,http://dianakimball.blogspot.com/2007/08/google-me-generation.html,301
/2007/08/notely-and-lure-of-one-stop-shop.html,http://dianakimball.blogspot.com/2007/08/notely-and-lure-of-one-stop-shop.html,301
/2007/08/so-magical-right-now.html,http://dianakimball.blogspot.com/2007/08/so-magical-right-now.html,301
/2007/08/basic-principles.html,http://dianakimball.blogspot.com/2007/08/basic-principles.html,301
